{
  "project_info": {
    "project_number": "258646998594",
    "firebase_url": "https://timebanking-86d52-default-rtdb.europe-west1.firebasedatabase.app",
    "project_id": "timebanking-86d52",
    "storage_bucket": "timebanking-86d52.appspot.com"
  },
  "client": [
    {
      "client_info": {
        "mobilesdk_app_id": "1:258646998594:android:7c216732d2d739c2e837db",
        "android_client_info": {
          "package_name": "it.polito.timebanking"
        }
      },
      "oauth_client": [
        {
          "client_id": "258646998594-9tgjn92k5oai92brmpiadg4a2se1oid6.apps.googleusercontent.com",
          "client_type": 1,
          "android_info": {
            "package_name": "it.polito.timebanking",
            "certificate_hash": "eb4c0a27a72152c94d7027a4f010ef321bed184e"
          }
        },
        {
          "client_id": "258646998594-dv51uj6qjockda9bog2v60usjg0dkdq4.apps.googleusercontent.com",
          "client_type": 3
        }
      ],
      "api_key": [
        {
          "current_key": "AIzaSyBccbHqfan03Y8WrjRX5cHr9OvfaISG3dc"
        }
      ],
      "services": {
        "appinvite_service": {
          "other_platform_oauth_client": [
            {
              "client_id": "258646998594-dv51uj6qjockda9bog2v60usjg0dkdq4.apps.googleusercontent.com",
              "client_type": 3
            }
          ]
        }
      }
    }
  ],
  "configuration_version": "1"
}